{"y5aQnKDb4xC9Mih8YCssQA==":"mbr-242x168.jpg","Y/GddZH0F6LB9OKlNo+gmA==":"mbr-350x233.jpg","0JZ2qK7ARV+65bnm+MAQkw==":"mbr-144x198.png","+B8EnhwYR+0JKe6dosNjOA==":"mbr-1920x1280.jpg","tfEIEgUv3v4xTn89qxsL+A==":"mbr-1-1920x1280.jpg","JzJYgjDSmdErsq4Ay980Bw==":"mbr-130x142.png","HjIUk1JWmISbeUjzw3HyAg==":"mbr-700x466.jpg","4eMLGz79L+Xl53uf6FOzxw==":"mbr-700x466.jpeg","5IUweEy1Dm/6YycJlguMKg==":"mbr-768x512.jpg","z1hap7M3kZUXWiobLQi9KA==":"mbr-1920x1094.jpg","RZsPhOFnshwi5xZnNyI5xg==":"mbr-2-1920x1280.jpg","Tkx/4ZOOxtCvZQWYEujFwg==":"mbr-1920x1276.jpg","01NQGKgspm3cULzhexBatg==":"mbr-3-1920x1280.jpg","yexYUFR7OCI/zCuK8F6gKg==":"mbr-1920x1270.jpg","yDQgkkrZOly7ma5b6ScINw==":"mbr-1920x1317.jpg","HOfBz6HUqFLFNPJBV+fFDQ==":"mbr-1920x1279.jpg","TyC1BFnGihGQ2bG+1vAN4Q==":"mbr-4-1920x1280.jpg","NGKIbjGBN8DTXEyU9Vu7dQ==":"mbr-5-1920x1280.jpg","f1VxR+l0hFZcBJRdVU0pfg==":"mbr-676x432.jpg","38ID/saEMQ8KyltJ8oQJnw==":"mbr-676x451.jpg","V4ax77H74KWyL4pAbHxAOA==":"mbr-1-676x451.jpg","HuwviS5CC16sEeAg7yuqXQ==":"mbr-1-1920x1279.jpg","gY9B1wIX4XXZy8Bm8EjmUw==":"mbr-676x507.jpg","VVQu3ZcuTWgeSO6pS9MgdA==":"mbr-2-676x451.jpg","WjwAGJX9eX1dFANIviDgzQ==":"mbr-6-1920x1280.jpg","tcNchAMu43FZ3dAUMzubYQ==":"mbr-3-676x451.jpg","hKVZB9kPtudx39WPJzqiaQ==":"mbr-4-676x451.jpg","mwhEKzU2DhbcoQjaxENdRA==":"mbr-888x515.jpg","rSgQmPzlsrttVlELG/Kw8g==":"mbr-1-768x512.jpg","ZEgvPwDU+A6VSf4xeC1BZQ==":"mbr-860x573.jpg","RuLhHdeTy9u7cWBeP8e+8g==":"mbr-768x514.jpg","phgjTcKRwxSzxSLZQ3O3kw==":"mbr-768x576.jpg","4+BHfi2IsuxHPTEGEMxf2w==":"mbr-860x645.jpg","NSns4vNNH89ftq1LRraL+w==":"mbr-890x594.jpg","H15XD5tPT1mMNCIpMSgKZA==":"mbr-512x341.jpg","U6qrCMBR/XqhYbKCz1ppKA==":"mbr-1014x1014.jpg","4w43TAnPCD9wT+3oIBGQ0w==":"mbr-1014x570.jpg","auyIgF8uqzZRHCJhe7X81Q==":"mbr-1920x1281.jpg","yMWGpDY49Gitj6E2Lh85JA==":"mbr-1920x1371.jpg","SqDObHgxSfDXb9GjnI5QRA==":"mbr-1920x1275.jpg","0n0Gq6uLr77fwu0dvAfD5Q==":"mbr-1920x1213.jpg","JEz4AZdrJD6tEg+/L7F5rw==":"mbr-7-1920x1280.jpg","HMU1+PDMuU1OoOoA35+s0Q==":"mbr-1920x1178.jpg","VK+oD1MOb0eaMXWmQ8ccyw==":"mbr-696x464.jpg","VNOIiAkgMxkcWwH2NdtGoQ==":"mbr-1-696x464.jpg","fegetX24blgalJ6L0BHWbQ==":"mbr-2-696x464.jpg","BO9EJEAC4fZFjiRSOPSxVA==":"mbr-1076x717.jpg","QSkORFhac8eJdypjTx6Asg==":"mbr-1-1920x1275.jpg","pgIhyOZneN5ens7Xbu9ctA==":"mbr-952x635.jpg","PSBgYSYMITYSyHSpKLB42w==":"mbr-1920x1254.jpg","acs5Qjl9CoKSe/eAftjs6g==":"mbr-1920x1440.jpg","VMxL52Z32i3yE+bVT7u6aw==":"mbr-1920x1271.jpg","LUYFl87QwNWsGXoD3FsGDw==":"mbr-240x338.png","Iqw6DaMLOI0SKBMBuLoAGw==":"mbr-240x241.png","kGd8P/k2JjAeig18uEUzpQ==":"mbr-240x228.png","mmNVxtiJ8N+hzImzUydg2w==":"mbr-1920x1274.jpg","AH/4/WghteZ17wh3Odpftg==":"mbr-8-1920x1280.jpg","RzIH4wxuG61xkFq+o5Qp4Q==":"mbr-9-1920x1280.jpg","PlTZEmTb5vsww595E0YK0Q==":"mbr-5-676x451.jpg","hurMHtJ6/fdO0ES2gHyxFA==":"mbr-6-676x451.jpg","v+KXMPI+FbdLZqm0gTOpaw==":"mbr-676x477.jpg","b3NX6eF8MqM7hh/yBh1pNg==":"mbr-1920x1079.jpg","caiHRBH7uyE8a3cw6VxCyw==":"mbr-510x340.jpg","h04y74KXyTojJ9kJwRaFYA==":"mbr-510x286.jpg","Ul0QmFSRQMFlZLBhmj/2Ow==":"mbr-510x331.jpg","qjh1shy8Ffq53wETEPbsgA==":"mbr-1-510x340.jpg","N88D1/6kqECuB9QL36XKyQ==":"mbr-1920x1078.jpg","1db9edWAoMjJHgZ0cCawaQ==":"mbr-7-676x451.jpg","AqnA+u1PZz9mY7p4asVFDQ==":"mbr-676x1014.jpg","t6aASDBUn2X6iKe5r+MX3g==":"mbr-676x1014.jpeg","Op3STGo1RuovGjNAcRxy5g==":"mbr-8-676x451.jpg","9+Qu3l4MAchK3fp/WGLyBA==":"mbr-1-676x1014.jpeg","yhEigqQb0LWkQrEH5hLvuA==":"mbr-2-676x1014.jpeg"}